image,plate_text
00000001.jpg,KL 65 1218
00000004.jpg,KA IND 5 1051 JDIA VIA
00000006.jpg,KA L1 IND EM 1051
00000017.jpg,NO_DETECTION
00000028.jpg,A 07 IND J 1771
00000032.jpg,YK 6850
00000038.jpg,NO_DETECTION
00000054.jpg,UP5A IND ZOS90F
00000064.jpg,IND KA 20MC 0661
00000126.jpg,IND HHO 1AE8OIZ
00000127.jpg,KAZI IND EN 1051
00000163.jpg,MHOIA IND 1234567 B1234
00000191.jpg,CHOLANOOOU
00000196.jpg,
00000205.jpg,TN 01 BJ 7878 SLOD
00000206.jpg,IND DLSSC 67463
00000217.jpg,N59A01515
00000221.jpg,KA 0 IND E 105 INDIA VION IDIA VIAI DIA
00000229.jpg,UP 65 IND C19680
00000231.jpg,KL 18 W 3485 CA
00000232.jpg,IND PY 01 Q 5959
00000234.jpg,PRADEEP BIKE 11AZ 1707 IND
00000236.jpg,B KL 58 Y 8899
00000237.jpg,KA 03 AB 3289
00000240.jpg,MP IND 02 CY 2208
00000243.jpg,MPO7NF IN 9055
00000252.jpg,LOW_CONF
00000255.jpg,IND KL 65 E 9607
00000272.jpg,WBZ4AL5823
00000282.jpg,KA 02 ME 1140
00000284.jpg,ABKAG5 KC 5877
00000285.jpg,KL 14 8439
00000286.jpg,DL 6S I76801
00000287.jpg,YRL9 XF B
00000293.jpg,HR26AY0731
00000299.jpg,KL 18 S2728 DOVA CWCICID
00000320.jpg,NO_DETECTION
00000340.jpg,MH20 DV2363
00000352.jpg,NO_DETECTION
00000369.jpg,KL 65 10OG
00000376.jpg,KL 07 IND N 0269
00000408.jpg,MH 26 AK 0606
00000426.jpg,MH L8 FZ 25 BE96L1
License (1002).png,WB 06 2182
License (1007).png,AP 29 AJ 9099
License (1009).png,AP1O AS 219E
License (1013).png,IK22BU0781
License (1015).png,GJLHM2973
License (1016).png,GJLHM2973
License (1020).png,TN05AL1191
License (1030).png,WB OGF 1772
License (1036).png,KL O71U1319
License (1037).png,KA 02 MH66771
License (1040).png,TX20BC4534
License (1041).png,6J1KJ877
License (1046).png,MHOACT2218
License (1056).png,TN05AF6991
License (1058).png,AP 09 BW 4601
License (1065).png,MH42 EX7388
License (1067).png,TN20BF6121
License (1071).png,MPO9CL5296
License (1079).png,TN22CZ4300
License (1090).png,MHOZBM1873
License (1092).png,MH0ZBM 873
License (1094).png,Z 1645
License (1099).png,KLO7803489
License (1117).png,DLZ CN 6944
License (1120).png,KU51MC620G
License (1125).png,AP10 BB 3651
License (1126).png,AP10 BB 3651
License (113).png,AP9 BN 4684
License (1132).png,MH 03 BE 6763
License (1135).png,L 9741
License (1136).png,L 9741
License (1139).png,DL 3C BS 0440
License (114).png,AP9 BN 4684
License (1141).png,MD 3261
License (1150).png,DL9CACZ8BB
License (1156).png,AJ0651
License (1164).png,MH 04 EF 3337
License (1173).png,MHO4EX1364
License (1177).png,DL 2CAL7538
License (1178).png,DL 2CAL7538
License (1180).png,MI42H4306
License (1185).png,
License (1186).png,
License (1189).png,INI0U5733
License (119).png,MH2 GV 4495 AUTOLEAL
License (1192).png,AP29 BJ 6333
License (1201).png,HHO LEX7330
License (1205).png,WBO6B8579
License (1211).png,AP 09 CL 6815
License (1212).png,AP 09 CL 6815
License (1221).png,GHKE2245
License (1224).png,MH12DS7042
License (1225).png,14DT 9623
License (1227).png,MH 14 DT 9633
License (1229).png,WB 064 17 8 9
License (123).png,PB59A1367
License (1236).png,EMH 12 FU5326
License (124).png,PB59A1367
License (1241).png,ISMH16AB124
License (1246).png,UP 14 AY 2019
License (125).png,MH02 8MV 3295
License (1255).png,0147483 N
License (1257).png,KA 51 MA 425
License (1258).png,KA 51 MA 425
License (126).png,MH02 8MV 3295
License (1264).png,DL9C N 5272
License (1269).png,GJ1HS5499
License (1271).png,MH 01 AC 8927
License (1274).png,IND DL8CAH336
License (1277).png,WHT2 FF 869
License (128).png,MH2EM6015
License (1283).png,MH 02 CH 1822
License (1287).png,WB 02Z 0439
License (129).png,MH 02 BP 5424
License (1290).png,1C 7138
License (1292).png,MH02AC 0002
License (1294).png,MH024G C002
License (1296).png,AP1O AP 6069
License (1299).png,DL IC L 8530
License (1316).png,HHOLEF5O78
License (132).png,WB Z0H 5315
License (1320).png,IBL BC BS 3000
License (1323).png,DL 9C 5 6580
License (1324).png,DL 9C 5 6580
License (1327).png,MHOSAX3628
License (1329).png,MHOLEX2169
License (1332).png,UP 44 BA8832
License (1348).png,WB 064 5318
License (1349).png,DL3CCB2331
License (135).png,MPAIBC0360
License (1361).png,DLAC AY 5270
License (1369).png,PB10 DF 7609
License (1376).png,KAO3MN 6893
License (1377).png,APO9 CC 1696
License (1382).png,MHO2 BP 388
License (1386).png,WB O6 9351
License (1401).png,DLZC K 0722
License (1408).png,DL2CAS0367
License (141).png,WB O6C 9682
License (1413).png,WB 06C9080 MOHANS
License (1415).png,MHO1AL6724
License (1417).png,DL 4C AL 2700
License (1418).png,DL 4C AL 2700
License (1423).png,AP 09 BN 9289
License (1432).png,AP28 DD 9291
License (1433).png,MH0Z CH3250
License (1444).png,HRSI AE 7771
License (1459).png,H8142 HZ 4414
License (1460).png,H8142 HZ 4414
License (1462).png,MH12 HZ 4414
License (1489).png,WB 20U 6373
License (1490).png,WB 20U 6373
License (1501).png,DL7C H 3669
License (1502).png,DL7C H 3669
License (1504).png,MHO2BJ 78081
License (1508).png,WB OEB 2265 MOHAT
License (1518).png,APIO AP 1498
License (1523).png,MHO4ED9960
License (1524).png,MHO4ED9960
License (1533).png,DL2CAHI718
License (1534).png,DL2CAHI718
License (1535).png,KL 43A9117
License (1536).png,KL 43A9117
License (1539).png,KL57A6833
License (1545).png,MH04 EX 9925
License (1555).png,DL 3C BJ 7834
License (1565).png,
License (1569).png,MHO3AI6507
License (1571).png,MH2 FY469
License (1575).png,MH 04 EF 6211
License (1578).png,MH 04FF 8714 SPECTRA
License (158).png,NHO5AJ6 120
License (1585).png,AP9 CA 963
License (1586).png,AP9 CA 963
License (1593).png,MX 04 DB 6948
License (1608).png,CNOICE IMH 14 BK 3825
License (1613).png,IMHJ4 BX 4561
License (1615).png,MHL3AJ7351
License (1616).png,MHL3AJ7351
License (1625).png,GJAKB2999
License (1629).png,D WB 022 4408
License (163).png,TN09BK7357
License (1637).png,41069
License (1641).png,MK 4952
License (1643).png,HR2Q Y 2072
License (1648).png,DL3C BM9156
License (1652).png,HHIL 04509
License (1659).png,KA 19 MB 6
License (1662).png,IND 6J02849360
License (1668).png,MH I4DN6372
License (1671).png,KA04 ML 3183
License (1672).png,KA04 ML 3183
License (1674).png,KA 19 MD 2608
License (1681).png,DLBCBM648S
License (1682).png,DLBCBM648S
License (1688).png,DL 8C NA 5717
License (1689).png,DL 4C AV 4880
License (1693).png,MH 04 GE 5052
License (1697).png,MHO4EC9669
License (1699).png,AP 13H 6L77
License (1707).png,DL3C BM6060
License (1711).png,MH 14 DN 8522
License (1714).png,APZTAB 4688
License (1722).png,TZZCROO9Z
License (1730).png,AP 21 Q 6978
License (1731).png,AP O9BQ 9041
License (1732).png,AP O9BQ 9041
License (1736).png,WB 202 2787
License (1739).png,AP2O AL 6679
License (1745).png,AP03 AN 1417
License (1756).png,AP 28 DE 5128
License (1759).png,MA12GU814
License (1762).png,TN 03 0 8284
License (1771).png,WIL054L6HGA
License (1772).png,WIL054L6HGA
License (1775).png,MHO6AN7132
License (1783).png,MHIZ FU 364
License (179).png,MH43X7188
License (18).png,DL3CAE20 67
License (1808).png,MH02 CZ 544
License (1810).png,MH43V6455
License (1813).png,MHO4CZ2827
License (1814).png,MHO4CZ2827
License (1817).png,MH 01 AL 5971
License (182).png,MH43X7188
License (1824).png,AP 31 AW 9513
License (1825).png,AP 11 AP 2595
License (1829).png,3388 HDLACAE
License (183).png,
License (1832).png,MP 48 BD 1089
License (1835).png,MH 12 FP 8714
License (1849).png,WOZEUOOL6
License (185).png,UP16 4858
License (1850).png,WOZEUOOL6
License (1853).png,MH 09 BZ 6400
License (1856).png,MII 09 BZ 6100
License (1857).png,MH 43 AJ5262
License (1860).png,NH02 CPZ98Z
License (1861).png,MH 16 AE 8118
License (1862).png,MH 16 AE 8118
License (1870).png,MHIZ GF788
License (1878).png,MHT2HE7E
License (1881).png,16 86 8617
License (1886).png,HHO1AV7318
License (1889).png,WB 06F 6711
License (1899).png,WB2010 36 9
License (190).png,MHO1 YA 4487
License (1902).png,MHI1BB306O
License (191).png,MHO6AF2528
License (2).png,KA03HN9993
License (20).png,DL 9 T0471
License (200).png,MH03AZ5344
License (207).png,JIKNZ175
License (208).png,JIKNZ175
License (219).png,JND MB 06 6 7172
License (22).png,MH 12FU780
License (221).png,IND HB 06 6 7 172
License (222).png,IND HB 06 6 7 172
License (227).png,MH 14 DN 5256
License (241).png,AP 07 AX 0048
License (246).png,MH O9BB9894
License (263).png,DLZCA4791
License (265).png,API AM 6316
License (276).png,DLAC AH9268
License (280).png,MH 06 AS 5441
License (282).png,MMI12 EF 8680
License (287).png,BCBE 3718
License (294).png,HH 92 ET 1223
License (295).png,MH I DN 0092
License (300).png,MHA3AB 860 CROND
License (302).png,MHA3AB 860
License (304).png,APO5 BK 6304
License (308).png,AP29 E 2277
License (314).png,CO160
License (318).png,DL 7C F 8240
License (320).png,M2 BZ 0649
License (325).png,GJIHR9202
License (328).png,MH 05 AJ 9929
License (331).png,MA 01AC9388
License (335).png,49526
License (338).png,KHIL BR 934
License (34).png,DL9C T 33 01
License (342).png,NH I3AZ8679
License (343).png,7RJ86C4263
License (357).png,MH04DW 1072
License (358).png,MH04DW 1072
License (359).png,MH02NA8975
License (361).png,MH O4DX 2043
License (364).png,XHIZHL9427
License (365).png,HH42HL942 1
License (368).png,42 JBM 5751
License (378).png,DL7C F 4290
License (380).png,MHO2 JP1491
License (383).png,GJ18AB8628
License (386).png,MX04 DN3751
License (391).png,MO9BB4445
License (392).png,MO9BB4445
License (395).png,0H09884415
License (407).png,MHO1AH0545
License (417).png,DL 4C AH 5018
License (421).png,MEO077
License (428).png,JKA2 A 2018
License (438).png,MHO4CT2694
License (443).png,KAO5MG5789
License (447).png,WB 02Z 9081
License (448).png,WB 02Z 9081
License (45).png,MILO4FA6281
License (452).png,MH 01 AC 2577 APEXHOND
License (454).png,KA 02 ME3286
License (457).png,DL3C BA 2003
License (466).png,MA43X 7863
License (468).png,WB 06E 0652
License (469).png,DLZC L 4508
License (470).png,DLZC L 4508
License (472).png,DL 8C T 7939
License (48).png,MH04FA6281
License (497).png,NK43ANU6O4
License (50).png,MH04F46281
License (501).png,DL7CL7834
License (507).png,AP O9CR 2399
License (512).png,KLOSAE3553
License (515).png,WEAER
License (516).png,WEAER
License (524).png,MHOIAE4258
License (525).png,148X7173 MA
License (528).png,MH01 AH7496 MNDENDOEO
License (529).png,DLICAJ0769
License (535).png,TN 06F1742
License (54).png,AP 10AZ1O 9 9
License (540).png,DLZG AE 5200
License (549).png,TN02AJ0322
License (554).png,SHA GJIKE1962
License (559).png,TN07BJ8128
License (568).png,DL7CGASAI
License (569).png,IDL 3CBP 0423
License (57).png,MH 27 AR 0865
License (570).png,IDL 3CBP 0423
License (584).png,GJ 1KF 6DSE
License (6).png,VI 1968
License (607).png,MH 43 V 9267
License (610).png,HDLZCAR2985
License (611).png,AP 28DN 6507
License (612).png,AP 28DN 6507
License (628).png,KAOSMH
License (639).png,IN D1AR4483
License (652).png,48 RM5254
License (657).png,MH14DX0585 IA OMCARS IN
License (661).png,MH 05 AX 8009
License (665).png,DL 2C AR 2636
License (670).png,IN IOAE1638
License (675).png,IN IAF1638
License (678).png,AP10 BB 4320
License (68).png,GOBBA 5429
License (682).png,WB06C 9765
License (70).png,MK 0L EF 8726
License (708).png,KA1SMABEE
License (71).png,HHOL EF 8726
License (710).png,NB06 H2315
License (711).png,MH12 GV 5892 MCAI
License (712).png,MH12 GV 5892 MCAI
License (716).png,INIOAF 1638
License (720).png,APIO AL 1720
License (727).png,DLZCAM7746
License (728).png,DLZCAM7746
License (731).png,DL 8C AA 2668
License (732).png,DL 8C AA 2668
License (738).png,MEN04 DR6768
License (739).png,D1OCD7259
License (740).png,D1OCD7259
License (742).png,DL10CD7259
License (743).png,MHI2DS8174
License (749).png,APOG BH 8702
License (751).png,DL 3C AL 3739
License (754).png,MH O4 BY 4318
License (755).png,DL3CBQ0799
License (756).png,DL3CBQ0799
License (775).png,NHO 4B46905
License (777).png,SBZ 4997
License (779).png,AP1O AK 5807
License (78).png,NHOZEFLLLO
License (806).png,8 GLLKA M
License (807).png,GJ1 KC 6890
License (809).png,DL7C N 3006
License (810).png,DL7C N 3006
License (823).png,DLBCAL4640
License (824).png,DLBCAL4640
License (83).png,4515 MSCT
License (850).png,MK 13 AZ 3659
License (857).png,AF 4341
License (858).png,AF 4341
License (861).png,1769
License (862).png,1769
License (871).png,WB164C2063
License (872).png,WB164C2063
License (882).png,HR51 AS 1615
License (893).png,OL38AS1315
License (894).png,OL38AS1315
License (9).png,DL 1CP0290
License (91).png,KA 34 N 3007
License (917).png,JUPI4 BP 050
License (919).png,WB 22U 6847
License (922).png,PBI0DK3466
License (928).png,MH I1L0A0570
License (94).png,MHIZENS80L
License (96).png,MHIZEHS8OL
License (964).png,MH 43AN2671
License (966).png,TN20CX4108
License (968).png,HRZOBH46661
License (97).png,MH 12 DY 3934 SHREYANS TALERA MOTORS
License (973).png,MH 43 AF 8411
License (977).png,HK 05 BLI822
License (978).png,HK 05 BLI822
License (990).png,MB 06 6 6875
License (998).png,IMOZA08660
